{
  "name": "{{Dataset_Name}}",
  "compatibilityLevel": 1604,
  "model": {
    "name": "{{Dataset_Name}}",
    "culture": "en-US",
    "collation": "Latin1_General_100_BIN2_UTF8",
    "dataAccessOptions": {
      "legacyRedirects": true,
      "returnErrorValuesAsNull": true
    },
    "defaultPowerBIDataSourceVersion": "powerBI_V3",
    "sourceQueryCulture": "en-US",
    "tables": [
      {
        "name": "dimActivos",
        "sourceLineageTag": "[dbo].[dimActivos]",
        "columns": [
          {
            "name": "descripcionActivo",
            "dataType": "string",
            "sourceColumn": "descripcionActivo",
            "sourceProviderType": "varchar",
            "sourceLineageTag": "descripcionActivo",
            "summarizeBy": "none",
            "annotations": [
              {
                "name": "SummarizationSetBy",
                "value": "Automatic"
              }
            ]
          },
          {
            "name": "skActivo",
            "dataType": "int64",
            "sourceColumn": "skActivo",
            "formatString": "0",
            "sourceProviderType": "int",
            "sourceLineageTag": "skActivo",
            "summarizeBy": "sum",
            "annotations": [
              {
                "name": "SummarizationSetBy",
                "value": "Automatic"
              }
            ]
          },
          {
            "name": "skCategoriaActivo",
            "dataType": "int64",
            "sourceColumn": "skCategoriaActivo",
            "formatString": "0",
            "sourceProviderType": "bigint",
            "sourceLineageTag": "skCategoriaActivo",
            "summarizeBy": "sum",
            "annotations": [
              {
                "name": "SummarizationSetBy",
                "value": "Automatic"
              }
            ]
          }
        ],
        "partitions": [
          {
            "name": "{{Partition_Name}}",
            "mode": "directLake",
            "source": {
              "type": "entity",
              "entityName": "dimActivos",
              "expressionSource": "DatabaseQuery",
              "schemaName": "dbo"
            }
          }
        ],
        "annotations": [
          {
            "name": "IsTableInBiModel",
            "value": "False"
          }
        ]
      },
      {
        "name": "dimCanal",
        "sourceLineageTag": "[dbo].[dimCanal]",
        "columns": [
          {
            "name": "Canal",
            "dataType": "string",
            "sourceColumn": "Canal",
            "sourceProviderType": "varchar",
            "sourceLineageTag": "Canal",
            "summarizeBy": "none",
            "annotations": [
              {
                "name": "SummarizationSetBy",
                "value": "Automatic"
              }
            ]
          },
          {
            "name": "Descripcion",
            "dataType": "string",
            "sourceColumn": "Descripcion",
            "sourceProviderType": "varchar",
            "sourceLineageTag": "Descripcion",
            "summarizeBy": "none",
            "annotations": [
              {
                "name": "SummarizationSetBy",
                "value": "Automatic"
              }
            ]
          },
          {
            "name": "skCanal",
            "dataType": "int64",
            "sourceColumn": "skCanal",
            "formatString": "0",
            "sourceProviderType": "bigint",
            "sourceLineageTag": "skCanal",
            "summarizeBy": "sum",
            "annotations": [
              {
                "name": "SummarizationSetBy",
                "value": "Automatic"
              }
            ]
          }
        ],
        "partitions": [
          {
            "name": "{{Partition_Name}}",
            "mode": "directLake",
            "source": {
              "type": "entity",
              "entityName": "dimCanal",
              "expressionSource": "DatabaseQuery",
              "schemaName": "dbo"
            }
          }
        ],
        "annotations": [
          {
            "name": "IsTableInBiModel",
            "value": "False"
          }
        ]
      },
      {
        "name": "dimCategoria",
        "sourceLineageTag": "[dbo].[dimCategoria]",
        "columns": [
          {
            "name": "skCategoria",
            "dataType": "int64",
            "sourceColumn": "skCategoria",
            "formatString": "0",
            "sourceProviderType": "bigint",
            "sourceLineageTag": "skCategoria",
            "summarizeBy": "sum",
            "annotations": [
              {
                "name": "SummarizationSetBy",
                "value": "Automatic"
              }
            ]
          },
          {
            "name": "nomcategoria",
            "dataType": "string",
            "sourceColumn": "nomcategoria",
            "sourceProviderType": "varchar",
            "sourceLineageTag": "nomcategoria",
            "summarizeBy": "none",
            "annotations": [
              {
                "name": "SummarizationSetBy",
                "value": "Automatic"
              }
            ]
          }
        ],
        "partitions": [
          {
            "name": "{{Partition_Name}}",
            "mode": "directLake",
            "source": {
              "type": "entity",
              "entityName": "dimCategoria",
              "expressionSource": "DatabaseQuery",
              "schemaName": "dbo"
            }
          }
        ],
        "annotations": [
          {
            "name": "IsTableInBiModel",
            "value": "False"
          }
        ]
      },
      {
        "name": "dimClientes",
        "sourceLineageTag": "[dbo].[dimClientes]",
        "columns": [
          {
            "name": "skCliente",
            "dataType": "int64",
            "sourceColumn": "skCliente",
            "formatString": "0",
            "sourceProviderType": "int",
            "sourceLineageTag": "skCliente",
            "summarizeBy": "sum",
            "annotations": [
              {
                "name": "SummarizationSetBy",
                "value": "Automatic"
              }
            ]
          },
          {
            "name": "nombreCliente",
            "dataType": "string",
            "sourceColumn": "nombreCliente",
            "sourceProviderType": "varchar",
            "sourceLineageTag": "nombreCliente",
            "summarizeBy": "none",
            "annotations": [
              {
                "name": "SummarizationSetBy",
                "value": "Automatic"
              }
            ]
          },
          {
            "name": "fechaIngreso",
            "dataType": "dateTime",
            "sourceColumn": "fechaIngreso",
            "formatString": "General Date",
            "sourceProviderType": "date",
            "sourceLineageTag": "fechaIngreso",
            "summarizeBy": "none",
            "annotations": [
              {
                "name": "SummarizationSetBy",
                "value": "Automatic"
              }
            ]
          },
          {
            "name": "skSegmentoComercial",
            "dataType": "int64",
            "sourceColumn": "skSegmentoComercial",
            "formatString": "0",
            "sourceProviderType": "bigint",
            "sourceLineageTag": "skSegmentoComercial",
            "summarizeBy": "sum",
            "annotations": [
              {
                "name": "SummarizationSetBy",
                "value": "Automatic"
              }
            ]
          },
          {
            "name": "skIndustria",
            "dataType": "int64",
            "sourceColumn": "skIndustria",
            "formatString": "0",
            "sourceProviderType": "bigint",
            "sourceLineageTag": "skIndustria",
            "summarizeBy": "sum",
            "annotations": [
              {
                "name": "SummarizationSetBy",
                "value": "Automatic"
              }
            ]
          },
          {
            "name": "skValorEstrategico",
            "dataType": "int64",
            "sourceColumn": "skValorEstrategico",
            "formatString": "0",
            "sourceProviderType": "bigint",
            "sourceLineageTag": "skValorEstrategico",
            "summarizeBy": "sum",
            "annotations": [
              {
                "name": "SummarizationSetBy",
                "value": "Automatic"
              }
            ]
          },
          {
            "name": "skCanal",
            "dataType": "int64",
            "sourceColumn": "skCanal",
            "formatString": "0",
            "sourceProviderType": "bigint",
            "sourceLineageTag": "skCanal",
            "summarizeBy": "sum",
            "annotations": [
              {
                "name": "SummarizationSetBy",
                "value": "Automatic"
              }
            ]
          }
        ],
        "partitions": [
          {
            "name": "{{Partition_Name}}",
            "mode": "directLake",
            "source": {
              "type": "entity",
              "entityName": "dimClientes",
              "expressionSource": "DatabaseQuery",
              "schemaName": "dbo"
            }
          }
        ],
        "annotations": [
          {
            "name": "IsTableInBiModel",
            "value": "False"
          }
        ]
      },
      {
        "name": "dimEjecutivo",
        "sourceLineageTag": "[dbo].[dimEjecutivo]",
        "columns": [
          {
            "name": "skEjecutivo",
            "dataType": "int64",
            "sourceColumn": "skEjecutivo",
            "formatString": "0",
            "sourceProviderType": "bigint",
            "sourceLineageTag": "skEjecutivo",
            "summarizeBy": "sum",
            "annotations": [
              {
                "name": "SummarizationSetBy",
                "value": "Automatic"
              }
            ]
          },
          {
            "name": "Descripcion",
            "dataType": "string",
            "sourceColumn": "Descripcion",
            "sourceProviderType": "varchar",
            "sourceLineageTag": "Descripcion",
            "summarizeBy": "none",
            "annotations": [
              {
                "name": "SummarizationSetBy",
                "value": "Automatic"
              }
            ]
          }
        ],
        "partitions": [
          {
            "name": "{{Partition_Name}}",
            "mode": "directLake",
            "source": {
              "type": "entity",
              "entityName": "dimEjecutivo",
              "expressionSource": "DatabaseQuery",
              "schemaName": "dbo"
            }
          }
        ],
        "annotations": [
          {
            "name": "IsTableInBiModel",
            "value": "False"
          }
        ]
      },
      {
        "name": "dimGrupo",
        "sourceLineageTag": "[dbo].[dimGrupo]",
        "columns": [
          {
            "name": "skGrupo",
            "dataType": "int64",
            "sourceColumn": "skGrupo",
            "formatString": "0",
            "sourceProviderType": "bigint",
            "sourceLineageTag": "skGrupo",
            "summarizeBy": "sum",
            "annotations": [
              {
                "name": "SummarizationSetBy",
                "value": "Automatic"
              }
            ]
          },
          {
            "name": "Descripcion",
            "dataType": "string",
            "sourceColumn": "Descripcion",
            "sourceProviderType": "varchar",
            "sourceLineageTag": "Descripcion",
            "summarizeBy": "none",
            "annotations": [
              {
                "name": "SummarizationSetBy",
                "value": "Automatic"
              }
            ]
          }
        ],
        "partitions": [
          {
            "name": "{{Partition_Name}}",
            "mode": "directLake",
            "source": {
              "type": "entity",
              "entityName": "dimGrupo",
              "expressionSource": "DatabaseQuery",
              "schemaName": "dbo"
            }
          }
        ],
        "annotations": [
          {
            "name": "IsTableInBiModel",
            "value": "False"
          }
        ]
      },
      {
        "name": "dimIndustria",
        "sourceLineageTag": "[dbo].[dimIndustria]",
        "columns": [
          {
            "name": "Sector",
            "dataType": "string",
            "sourceColumn": "Sector",
            "sourceProviderType": "varchar",
            "sourceLineageTag": "Sector",
            "summarizeBy": "none",
            "annotations": [
              {
                "name": "SummarizationSetBy",
                "value": "Automatic"
              }
            ]
          },
          {
            "name": "Descripcion",
            "dataType": "string",
            "sourceColumn": "Descripcion",
            "sourceProviderType": "varchar",
            "sourceLineageTag": "Descripcion",
            "summarizeBy": "none",
            "annotations": [
              {
                "name": "SummarizationSetBy",
                "value": "Automatic"
              }
            ]
          },
          {
            "name": "skIndustria",
            "dataType": "int64",
            "sourceColumn": "skIndustria",
            "formatString": "0",
            "sourceProviderType": "bigint",
            "sourceLineageTag": "skIndustria",
            "summarizeBy": "sum",
            "annotations": [
              {
                "name": "SummarizationSetBy",
                "value": "Automatic"
              }
            ]
          }
        ],
        "partitions": [
          {
            "name": "{{Partition_Name}}",
            "mode": "directLake",
            "source": {
              "type": "entity",
              "entityName": "dimIndustria",
              "expressionSource": "DatabaseQuery",
              "schemaName": "dbo"
            }
          }
        ],
        "annotations": [
          {
            "name": "IsTableInBiModel",
            "value": "False"
          }
        ]
      },
      {
        "name": "dimSegmentoComercial",
        "sourceLineageTag": "[dbo].[dimSegmentoComercial]",
        "columns": [
          {
            "name": "Segmento",
            "dataType": "string",
            "sourceColumn": "Segmento",
            "sourceProviderType": "varchar",
            "sourceLineageTag": "Segmento",
            "summarizeBy": "none",
            "annotations": [
              {
                "name": "SummarizationSetBy",
                "value": "Automatic"
              }
            ]
          },
          {
            "name": "DescripciónBreve",
            "dataType": "string",
            "sourceColumn": "DescripciónBreve",
            "sourceProviderType": "varchar",
            "sourceLineageTag": "DescripciónBreve",
            "summarizeBy": "none",
            "annotations": [
              {
                "name": "SummarizationSetBy",
                "value": "Automatic"
              }
            ]
          },
          {
            "name": "skSegmentoComercial",
            "dataType": "int64",
            "sourceColumn": "skSegmentoComercial",
            "formatString": "0",
            "sourceProviderType": "bigint",
            "sourceLineageTag": "skSegmentoComercial",
            "summarizeBy": "sum",
            "annotations": [
              {
                "name": "SummarizationSetBy",
                "value": "Automatic"
              }
            ]
          }
        ],
        "partitions": [
          {
            "name": "{{Partition_Name}}",
            "mode": "directLake",
            "source": {
              "type": "entity",
              "entityName": "dimSegmentoComercial",
              "expressionSource": "DatabaseQuery",
              "schemaName": "dbo"
            }
          }
        ],
        "annotations": [
          {
            "name": "IsTableInBiModel",
            "value": "False"
          }
        ]
      },
      {
        "name": "dimValorEstrategico",
        "sourceLineageTag": "[dbo].[dimValorEstrategico]",
        "columns": [
          {
            "name": "valorCliente",
            "dataType": "string",
            "sourceColumn": "valorCliente",
            "sourceProviderType": "varchar",
            "sourceLineageTag": "valorCliente",
            "summarizeBy": "none",
            "annotations": [
              {
                "name": "SummarizationSetBy",
                "value": "Automatic"
              }
            ]
          },
          {
            "name": "Descripción",
            "dataType": "string",
            "sourceColumn": "Descripción",
            "sourceProviderType": "varchar",
            "sourceLineageTag": "Descripción",
            "summarizeBy": "none",
            "annotations": [
              {
                "name": "SummarizationSetBy",
                "value": "Automatic"
              }
            ]
          },
          {
            "name": "skValorEstrategico",
            "dataType": "int64",
            "sourceColumn": "skValorEstrategico",
            "formatString": "0",
            "sourceProviderType": "bigint",
            "sourceLineageTag": "skValorEstrategico",
            "summarizeBy": "sum",
            "annotations": [
              {
                "name": "SummarizationSetBy",
                "value": "Automatic"
              }
            ]
          }
        ],
        "partitions": [
          {
            "name": "{{Partition_Name}}",
            "mode": "directLake",
            "source": {
              "type": "entity",
              "entityName": "dimValorEstrategico",
              "expressionSource": "DatabaseQuery",
              "schemaName": "dbo"
            }
          }
        ],
        "annotations": [
          {
            "name": "IsTableInBiModel",
            "value": "False"
          }
        ]
      },
      {
        "name": "factContratos",
        "sourceLineageTag": "[dbo].[factContratos]",
        "columns": [
          {
            "name": "numContrato",
            "dataType": "string",
            "sourceColumn": "numContrato",
            "sourceProviderType": "varchar",
            "sourceLineageTag": "numContrato",
            "summarizeBy": "none",
            "annotations": [
              {
                "name": "SummarizationSetBy",
                "value": "Automatic"
              }
            ]
          },
          {
            "name": "skCliente",
            "dataType": "int64",
            "sourceColumn": "skCliente",
            "formatString": "0",
            "sourceProviderType": "int",
            "sourceLineageTag": "skCliente",
            "summarizeBy": "sum",
            "annotations": [
              {
                "name": "SummarizationSetBy",
                "value": "Automatic"
              }
            ]
          },
          {
            "name": "skActivo",
            "dataType": "int64",
            "sourceColumn": "skActivo",
            "formatString": "0",
            "sourceProviderType": "int",
            "sourceLineageTag": "skActivo",
            "summarizeBy": "sum",
            "annotations": [
              {
                "name": "SummarizationSetBy",
                "value": "Automatic"
              }
            ]
          },
          {
            "name": "fechaInicio",
            "dataType": "dateTime",
            "sourceColumn": "fechaInicio",
            "formatString": "General Date",
            "sourceProviderType": "date",
            "sourceLineageTag": "fechaInicio",
            "summarizeBy": "none",
            "annotations": [
              {
                "name": "SummarizationSetBy",
                "value": "Automatic"
              }
            ]
          },
          {
            "name": "montoActivos",
            "dataType": "double",
            "sourceColumn": "montoActivos",
            "sourceProviderType": "float",
            "sourceLineageTag": "montoActivos",
            "summarizeBy": "sum",
            "annotations": [
              {
                "name": "SummarizationSetBy",
                "value": "Automatic"
              },
              {
                "name": "PBI_FormatHint",
                "value": "{\"isGeneralNumber\":true}"
              }
            ]
          },
          {
            "name": "montoSaldoAnterior",
            "dataType": "double",
            "sourceColumn": "montoSaldoAnterior",
            "sourceProviderType": "float",
            "sourceLineageTag": "montoSaldoAnterior",
            "summarizeBy": "sum",
            "annotations": [
              {
                "name": "SummarizationSetBy",
                "value": "Automatic"
              },
              {
                "name": "PBI_FormatHint",
                "value": "{\"isGeneralNumber\":true}"
              }
            ]
          },
          {
            "name": "montoNuevaCompra",
            "dataType": "double",
            "sourceColumn": "montoNuevaCompra",
            "sourceProviderType": "float",
            "sourceLineageTag": "montoNuevaCompra",
            "summarizeBy": "sum",
            "annotations": [
              {
                "name": "SummarizationSetBy",
                "value": "Automatic"
              },
              {
                "name": "PBI_FormatHint",
                "value": "{\"isGeneralNumber\":true}"
              }
            ]
          },
          {
            "name": "montoAbono",
            "dataType": "double",
            "sourceColumn": "montoAbono",
            "sourceProviderType": "float",
            "sourceLineageTag": "montoAbono",
            "summarizeBy": "sum",
            "annotations": [
              {
                "name": "SummarizationSetBy",
                "value": "Automatic"
              },
              {
                "name": "PBI_FormatHint",
                "value": "{\"isGeneralNumber\":true}"
              }
            ]
          },
          {
            "name": "moneda",
            "dataType": "string",
            "sourceColumn": "moneda",
            "sourceProviderType": "varchar",
            "sourceLineageTag": "moneda",
            "summarizeBy": "none",
            "annotations": [
              {
                "name": "SummarizationSetBy",
                "value": "Automatic"
              }
            ]
          },
          {
            "name": "montoLeasing",
            "dataType": "double",
            "sourceColumn": "montoLeasing",
            "sourceProviderType": "float",
            "sourceLineageTag": "montoLeasing",
            "summarizeBy": "sum",
            "annotations": [
              {
                "name": "SummarizationSetBy",
                "value": "Automatic"
              },
              {
                "name": "PBI_FormatHint",
                "value": "{\"isGeneralNumber\":true}"
              }
            ]
          },
          {
            "name": "plazoOriginal",
            "dataType": "int64",
            "sourceColumn": "plazoOriginal",
            "formatString": "0",
            "sourceProviderType": "int",
            "sourceLineageTag": "plazoOriginal",
            "summarizeBy": "sum",
            "annotations": [
              {
                "name": "SummarizationSetBy",
                "value": "Automatic"
              }
            ]
          },
          {
            "name": "plazo",
            "dataType": "int64",
            "sourceColumn": "plazo",
            "formatString": "0",
            "sourceProviderType": "int",
            "sourceLineageTag": "plazo",
            "summarizeBy": "sum",
            "annotations": [
              {
                "name": "SummarizationSetBy",
                "value": "Automatic"
              }
            ]
          },
          {
            "name": "tasa",
            "dataType": "double",
            "sourceColumn": "tasa",
            "sourceProviderType": "float",
            "sourceLineageTag": "tasa",
            "summarizeBy": "sum",
            "annotations": [
              {
                "name": "SummarizationSetBy",
                "value": "Automatic"
              },
              {
                "name": "PBI_FormatHint",
                "value": "{\"isGeneralNumber\":true}"
              }
            ]
          },
          {
            "name": "montoDeposito",
            "dataType": "double",
            "sourceColumn": "montoDeposito",
            "sourceProviderType": "float",
            "sourceLineageTag": "montoDeposito",
            "summarizeBy": "sum",
            "annotations": [
              {
                "name": "SummarizationSetBy",
                "value": "Automatic"
              },
              {
                "name": "PBI_FormatHint",
                "value": "{\"isGeneralNumber\":true}"
              }
            ]
          },
          {
            "name": "montoDepositoAbonado",
            "dataType": "double",
            "sourceColumn": "montoDepositoAbonado",
            "sourceProviderType": "float",
            "sourceLineageTag": "montoDepositoAbonado",
            "summarizeBy": "sum",
            "annotations": [
              {
                "name": "SummarizationSetBy",
                "value": "Automatic"
              },
              {
                "name": "PBI_FormatHint",
                "value": "{\"isGeneralNumber\":true}"
              }
            ]
          },
          {
            "name": "montoSinSeguro",
            "dataType": "double",
            "sourceColumn": "montoSinSeguro",
            "sourceProviderType": "float",
            "sourceLineageTag": "montoSinSeguro",
            "summarizeBy": "sum",
            "annotations": [
              {
                "name": "SummarizationSetBy",
                "value": "Automatic"
              },
              {
                "name": "PBI_FormatHint",
                "value": "{\"isGeneralNumber\":true}"
              }
            ]
          },
          {
            "name": "montoSeguroContrato",
            "dataType": "double",
            "sourceColumn": "montoSeguroContrato",
            "sourceProviderType": "float",
            "sourceLineageTag": "montoSeguroContrato",
            "summarizeBy": "sum",
            "annotations": [
              {
                "name": "SummarizationSetBy",
                "value": "Automatic"
              },
              {
                "name": "PBI_FormatHint",
                "value": "{\"isGeneralNumber\":true}"
              }
            ]
          },
          {
            "name": "montoMantenimiento",
            "dataType": "double",
            "sourceColumn": "montoMantenimiento",
            "sourceProviderType": "float",
            "sourceLineageTag": "montoMantenimiento",
            "summarizeBy": "sum",
            "annotations": [
              {
                "name": "SummarizationSetBy",
                "value": "Automatic"
              },
              {
                "name": "PBI_FormatHint",
                "value": "{\"isGeneralNumber\":true}"
              }
            ]
          },
          {
            "name": "montoSeguroMantenimiento",
            "dataType": "double",
            "sourceColumn": "montoSeguroMantenimiento",
            "sourceProviderType": "float",
            "sourceLineageTag": "montoSeguroMantenimiento",
            "summarizeBy": "sum",
            "annotations": [
              {
                "name": "SummarizationSetBy",
                "value": "Automatic"
              },
              {
                "name": "PBI_FormatHint",
                "value": "{\"isGeneralNumber\":true}"
              }
            ]
          },
          {
            "name": "montoReserva",
            "dataType": "double",
            "sourceColumn": "montoReserva",
            "sourceProviderType": "float",
            "sourceLineageTag": "montoReserva",
            "summarizeBy": "sum",
            "annotations": [
              {
                "name": "SummarizationSetBy",
                "value": "Automatic"
              },
              {
                "name": "PBI_FormatHint",
                "value": "{\"isGeneralNumber\":true}"
              }
            ]
          },
          {
            "name": "montoCompraFinal",
            "dataType": "double",
            "sourceColumn": "montoCompraFinal",
            "sourceProviderType": "float",
            "sourceLineageTag": "montoCompraFinal",
            "summarizeBy": "sum",
            "annotations": [
              {
                "name": "SummarizationSetBy",
                "value": "Automatic"
              },
              {
                "name": "PBI_FormatHint",
                "value": "{\"isGeneralNumber\":true}"
              }
            ]
          },
          {
            "name": "montoProveedor",
            "dataType": "double",
            "sourceColumn": "montoProveedor",
            "sourceProviderType": "float",
            "sourceLineageTag": "montoProveedor",
            "summarizeBy": "sum",
            "annotations": [
              {
                "name": "SummarizationSetBy",
                "value": "Automatic"
              },
              {
                "name": "PBI_FormatHint",
                "value": "{\"isGeneralNumber\":true}"
              }
            ]
          },
          {
            "name": "diaPago",
            "dataType": "int64",
            "sourceColumn": "diaPago",
            "formatString": "0",
            "sourceProviderType": "int",
            "sourceLineageTag": "diaPago",
            "summarizeBy": "sum",
            "annotations": [
              {
                "name": "SummarizationSetBy",
                "value": "Automatic"
              }
            ]
          },
          {
            "name": "fechaPrimerPago",
            "dataType": "dateTime",
            "sourceColumn": "fechaPrimerPago",
            "formatString": "General Date",
            "sourceProviderType": "date",
            "sourceLineageTag": "fechaPrimerPago",
            "summarizeBy": "none",
            "annotations": [
              {
                "name": "SummarizationSetBy",
                "value": "Automatic"
              }
            ]
          },
          {
            "name": "fechaUltimoPago",
            "dataType": "dateTime",
            "sourceColumn": "fechaUltimoPago",
            "formatString": "General Date",
            "sourceProviderType": "date",
            "sourceLineageTag": "fechaUltimoPago",
            "summarizeBy": "none",
            "annotations": [
              {
                "name": "SummarizationSetBy",
                "value": "Automatic"
              }
            ]
          },
          {
            "name": "fechaCancelacion",
            "dataType": "dateTime",
            "sourceColumn": "fechaCancelacion",
            "formatString": "General Date",
            "sourceProviderType": "date",
            "sourceLineageTag": "fechaCancelacion",
            "summarizeBy": "none",
            "annotations": [
              {
                "name": "SummarizationSetBy",
                "value": "Automatic"
              }
            ]
          },
          {
            "name": "fechaAprobacion",
            "dataType": "dateTime",
            "sourceColumn": "fechaAprobacion",
            "formatString": "General Date",
            "sourceProviderType": "date",
            "sourceLineageTag": "fechaAprobacion",
            "summarizeBy": "none",
            "annotations": [
              {
                "name": "SummarizationSetBy",
                "value": "Automatic"
              }
            ]
          },
          {
            "name": "fechaContraActual",
            "dataType": "dateTime",
            "sourceColumn": "fechaContraActual",
            "formatString": "General Date",
            "sourceProviderType": "date",
            "sourceLineageTag": "fechaContraActual",
            "summarizeBy": "none",
            "annotations": [
              {
                "name": "SummarizationSetBy",
                "value": "Automatic"
              }
            ]
          },
          {
            "name": "montoValorFiscal",
            "dataType": "double",
            "sourceColumn": "montoValorFiscal",
            "sourceProviderType": "float",
            "sourceLineageTag": "montoValorFiscal",
            "summarizeBy": "sum",
            "annotations": [
              {
                "name": "SummarizationSetBy",
                "value": "Automatic"
              },
              {
                "name": "PBI_FormatHint",
                "value": "{\"isGeneralNumber\":true}"
              }
            ]
          },
          {
            "name": "estado",
            "dataType": "string",
            "sourceColumn": "estado",
            "sourceProviderType": "varchar",
            "sourceLineageTag": "estado",
            "summarizeBy": "none",
            "annotations": [
              {
                "name": "SummarizationSetBy",
                "value": "Automatic"
              }
            ]
          },
          {
            "name": "diasGraciaPrimerPago",
            "dataType": "int64",
            "sourceColumn": "diasGraciaPrimerPago",
            "formatString": "0",
            "sourceProviderType": "int",
            "sourceLineageTag": "diasGraciaPrimerPago",
            "summarizeBy": "sum",
            "annotations": [
              {
                "name": "SummarizationSetBy",
                "value": "Automatic"
              }
            ]
          },
          {
            "name": "montoiva",
            "dataType": "double",
            "sourceColumn": "montoiva",
            "sourceProviderType": "float",
            "sourceLineageTag": "montoiva",
            "summarizeBy": "sum",
            "annotations": [
              {
                "name": "SummarizationSetBy",
                "value": "Automatic"
              },
              {
                "name": "PBI_FormatHint",
                "value": "{\"isGeneralNumber\":true}"
              }
            ]
          },
          {
            "name": "mesesGracia",
            "dataType": "int64",
            "sourceColumn": "mesesGracia",
            "formatString": "0",
            "sourceProviderType": "int",
            "sourceLineageTag": "mesesGracia",
            "summarizeBy": "sum",
            "annotations": [
              {
                "name": "SummarizationSetBy",
                "value": "Automatic"
              }
            ]
          },
          {
            "name": "anioCancelacion",
            "dataType": "int64",
            "sourceColumn": "anioCancelacion",
            "formatString": "0",
            "sourceProviderType": "bigint",
            "sourceLineageTag": "anioCancelacion",
            "summarizeBy": "sum",
            "annotations": [
              {
                "name": "SummarizationSetBy",
                "value": "Automatic"
              }
            ]
          },
          {
            "name": "cancelacion",
            "dataType": "string",
            "sourceColumn": "cancelacion",
            "sourceProviderType": "varchar",
            "sourceLineageTag": "cancelacion",
            "summarizeBy": "none",
            "annotations": [
              {
                "name": "SummarizationSetBy",
                "value": "Automatic"
              }
            ]
          }
        ],
        "partitions": [
          {
            "name": "{{Partition_Name}}",
            "mode": "directLake",
            "source": {
              "type": "entity",
              "entityName": "factContratos",
              "expressionSource": "DatabaseQuery",
              "schemaName": "dbo"
            }
          }
        ],
        "annotations": [
          {
            "name": "IsTableInBiModel",
            "value": "False"
          }
        ]
      },
      {
        "name": "prediccionesChurn",
        "sourceLineageTag": "[dbo].[prediccionesChurn]",
        "columns": [
          {
            "name": "numContrato",
            "dataType": "int64",
            "sourceColumn": "numContrato",
            "formatString": "0",
            "sourceProviderType": "int",
            "sourceLineageTag": "numContrato",
            "summarizeBy": "sum",
            "annotations": [
              {
                "name": "SummarizationSetBy",
                "value": "Automatic"
              }
            ]
          },
          {
            "name": "idCliente",
            "dataType": "int64",
            "sourceColumn": "idCliente",
            "formatString": "0",
            "sourceProviderType": "int",
            "sourceLineageTag": "idCliente",
            "summarizeBy": "sum",
            "annotations": [
              {
                "name": "SummarizationSetBy",
                "value": "Automatic"
              }
            ]
          },
          {
            "name": "prediccion",
            "dataType": "double",
            "sourceColumn": "prediccion",
            "sourceProviderType": "float",
            "sourceLineageTag": "prediccion",
            "summarizeBy": "sum",
            "annotations": [
              {
                "name": "SummarizationSetBy",
                "value": "Automatic"
              },
              {
                "name": "PBI_FormatHint",
                "value": "{\"isGeneralNumber\":true}"
              }
            ]
          },
          {
            "name": "probabilidadChurn",
            "dataType": "double",
            "sourceColumn": "probabilidadChurn",
            "sourceProviderType": "float",
            "sourceLineageTag": "probabilidadChurn",
            "summarizeBy": "sum",
            "annotations": [
              {
                "name": "SummarizationSetBy",
                "value": "Automatic"
              },
              {
                "name": "PBI_FormatHint",
                "value": "{\"isGeneralNumber\":true}"
              }
            ]
          }
        ],
        "partitions": [
          {
            "name": "{{Partition_Name}}",
            "mode": "directLake",
            "source": {
              "type": "entity",
              "entityName": "prediccionesChurn",
              "expressionSource": "DatabaseQuery",
              "schemaName": "dbo"
            }
          }
        ],
        "annotations": [
          {
            "name": "IsTableInBiModel",
            "value": "False"
          }
        ]
      },
      {
        "name": "prediccionesClusters",
        "sourceLineageTag": "[dbo].[prediccionesClusters]",
        "columns": [
          {
            "name": "numContrato",
            "dataType": "int64",
            "sourceColumn": "numContrato",
            "formatString": "0",
            "sourceProviderType": "int",
            "sourceLineageTag": "numContrato",
            "summarizeBy": "sum",
            "annotations": [
              {
                "name": "SummarizationSetBy",
                "value": "Automatic"
              }
            ]
          },
          {
            "name": "idCliente",
            "dataType": "int64",
            "sourceColumn": "idCliente",
            "formatString": "0",
            "sourceProviderType": "int",
            "sourceLineageTag": "idCliente",
            "summarizeBy": "sum",
            "annotations": [
              {
                "name": "SummarizationSetBy",
                "value": "Automatic"
              }
            ]
          },
          {
            "name": "grupo",
            "dataType": "int64",
            "sourceColumn": "grupo",
            "formatString": "0",
            "sourceProviderType": "int",
            "sourceLineageTag": "grupo",
            "summarizeBy": "sum",
            "annotations": [
              {
                "name": "SummarizationSetBy",
                "value": "Automatic"
              }
            ]
          }
        ],
        "partitions": [
          {
            "name": "{{Partition_Name}}",
            "mode": "directLake",
            "source": {
              "type": "entity",
              "entityName": "prediccionesClusters",
              "expressionSource": "DatabaseQuery",
              "schemaName": "dbo"
            }
          }
        ],
        "annotations": [
          {
            "name": "IsTableInBiModel",
            "value": "False"
          }
        ]
      },
      {
        "name": "prueba_log",
        "sourceLineageTag": "[dbo].[prueba_log]",
        "columns": [
          {
            "name": "id",
            "dataType": "int64",
            "sourceColumn": "id",
            "formatString": "0",
            "sourceProviderType": "int",
            "sourceLineageTag": "id",
            "summarizeBy": "sum",
            "annotations": [
              {
                "name": "SummarizationSetBy",
                "value": "Automatic"
              }
            ]
          }
        ],
        "partitions": [
          {
            "name": "{{Partition_Name}}",
            "mode": "directLake",
            "source": {
              "type": "entity",
              "entityName": "prueba_log",
              "expressionSource": "DatabaseQuery",
              "schemaName": "dbo"
            }
          }
        ],
        "annotations": [
          {
            "name": "IsTableInBiModel",
            "value": "False"
          }
        ]
      },
      {
        "name": "resumenClusters",
        "sourceLineageTag": "[dbo].[resumenClusters]",
        "columns": [
          {
            "name": "grupo",
            "dataType": "int64",
            "sourceColumn": "grupo",
            "formatString": "0",
            "sourceProviderType": "int",
            "sourceLineageTag": "grupo",
            "summarizeBy": "sum",
            "annotations": [
              {
                "name": "SummarizationSetBy",
                "value": "Automatic"
              }
            ]
          },
          {
            "name": "avg_montoSaldoAnterior",
            "dataType": "double",
            "sourceColumn": "avg_montoSaldoAnterior",
            "sourceProviderType": "float",
            "sourceLineageTag": "avg_montoSaldoAnterior",
            "summarizeBy": "sum",
            "annotations": [
              {
                "name": "SummarizationSetBy",
                "value": "Automatic"
              },
              {
                "name": "PBI_FormatHint",
                "value": "{\"isGeneralNumber\":true}"
              }
            ]
          },
          {
            "name": "avg_montoArrendamiento",
            "dataType": "double",
            "sourceColumn": "avg_montoArrendamiento",
            "sourceProviderType": "float",
            "sourceLineageTag": "avg_montoArrendamiento",
            "summarizeBy": "sum",
            "annotations": [
              {
                "name": "SummarizationSetBy",
                "value": "Automatic"
              },
              {
                "name": "PBI_FormatHint",
                "value": "{\"isGeneralNumber\":true}"
              }
            ]
          },
          {
            "name": "avg_plazoOriginal",
            "dataType": "double",
            "sourceColumn": "avg_plazoOriginal",
            "sourceProviderType": "float",
            "sourceLineageTag": "avg_plazoOriginal",
            "summarizeBy": "sum",
            "annotations": [
              {
                "name": "SummarizationSetBy",
                "value": "Automatic"
              },
              {
                "name": "PBI_FormatHint",
                "value": "{\"isGeneralNumber\":true}"
              }
            ]
          },
          {
            "name": "avg_plazo",
            "dataType": "double",
            "sourceColumn": "avg_plazo",
            "sourceProviderType": "float",
            "sourceLineageTag": "avg_plazo",
            "summarizeBy": "sum",
            "annotations": [
              {
                "name": "SummarizationSetBy",
                "value": "Automatic"
              },
              {
                "name": "PBI_FormatHint",
                "value": "{\"isGeneralNumber\":true}"
              }
            ]
          },
          {
            "name": "avg_tasa",
            "dataType": "double",
            "sourceColumn": "avg_tasa",
            "sourceProviderType": "float",
            "sourceLineageTag": "avg_tasa",
            "summarizeBy": "sum",
            "annotations": [
              {
                "name": "SummarizationSetBy",
                "value": "Automatic"
              },
              {
                "name": "PBI_FormatHint",
                "value": "{\"isGeneralNumber\":true}"
              }
            ]
          },
          {
            "name": "avg_montoDeposito",
            "dataType": "double",
            "sourceColumn": "avg_montoDeposito",
            "sourceProviderType": "float",
            "sourceLineageTag": "avg_montoDeposito",
            "summarizeBy": "sum",
            "annotations": [
              {
                "name": "SummarizationSetBy",
                "value": "Automatic"
              },
              {
                "name": "PBI_FormatHint",
                "value": "{\"isGeneralNumber\":true}"
              }
            ]
          },
          {
            "name": "avg_montoDepositoAbonado",
            "dataType": "double",
            "sourceColumn": "avg_montoDepositoAbonado",
            "sourceProviderType": "float",
            "sourceLineageTag": "avg_montoDepositoAbonado",
            "summarizeBy": "sum",
            "annotations": [
              {
                "name": "SummarizationSetBy",
                "value": "Automatic"
              },
              {
                "name": "PBI_FormatHint",
                "value": "{\"isGeneralNumber\":true}"
              }
            ]
          },
          {
            "name": "avg_montoSinSeguro",
            "dataType": "double",
            "sourceColumn": "avg_montoSinSeguro",
            "sourceProviderType": "float",
            "sourceLineageTag": "avg_montoSinSeguro",
            "summarizeBy": "sum",
            "annotations": [
              {
                "name": "SummarizationSetBy",
                "value": "Automatic"
              },
              {
                "name": "PBI_FormatHint",
                "value": "{\"isGeneralNumber\":true}"
              }
            ]
          },
          {
            "name": "avg_montoSeguroContrato",
            "dataType": "double",
            "sourceColumn": "avg_montoSeguroContrato",
            "sourceProviderType": "float",
            "sourceLineageTag": "avg_montoSeguroContrato",
            "summarizeBy": "sum",
            "annotations": [
              {
                "name": "SummarizationSetBy",
                "value": "Automatic"
              },
              {
                "name": "PBI_FormatHint",
                "value": "{\"isGeneralNumber\":true}"
              }
            ]
          },
          {
            "name": "avg_montoMantenimiento",
            "dataType": "double",
            "sourceColumn": "avg_montoMantenimiento",
            "sourceProviderType": "float",
            "sourceLineageTag": "avg_montoMantenimiento",
            "summarizeBy": "sum",
            "annotations": [
              {
                "name": "SummarizationSetBy",
                "value": "Automatic"
              },
              {
                "name": "PBI_FormatHint",
                "value": "{\"isGeneralNumber\":true}"
              }
            ]
          },
          {
            "name": "avg_montoSeguroMantenimiento",
            "dataType": "double",
            "sourceColumn": "avg_montoSeguroMantenimiento",
            "sourceProviderType": "float",
            "sourceLineageTag": "avg_montoSeguroMantenimiento",
            "summarizeBy": "sum",
            "annotations": [
              {
                "name": "SummarizationSetBy",
                "value": "Automatic"
              },
              {
                "name": "PBI_FormatHint",
                "value": "{\"isGeneralNumber\":true}"
              }
            ]
          },
          {
            "name": "avg_montoCompraFinal",
            "dataType": "double",
            "sourceColumn": "avg_montoCompraFinal",
            "sourceProviderType": "float",
            "sourceLineageTag": "avg_montoCompraFinal",
            "summarizeBy": "sum",
            "annotations": [
              {
                "name": "SummarizationSetBy",
                "value": "Automatic"
              },
              {
                "name": "PBI_FormatHint",
                "value": "{\"isGeneralNumber\":true}"
              }
            ]
          },
          {
            "name": "avg_montoProveedor",
            "dataType": "double",
            "sourceColumn": "avg_montoProveedor",
            "sourceProviderType": "float",
            "sourceLineageTag": "avg_montoProveedor",
            "summarizeBy": "sum",
            "annotations": [
              {
                "name": "SummarizationSetBy",
                "value": "Automatic"
              },
              {
                "name": "PBI_FormatHint",
                "value": "{\"isGeneralNumber\":true}"
              }
            ]
          },
          {
            "name": "avg_montoValorFiscal",
            "dataType": "double",
            "sourceColumn": "avg_montoValorFiscal",
            "sourceProviderType": "float",
            "sourceLineageTag": "avg_montoValorFiscal",
            "summarizeBy": "sum",
            "annotations": [
              {
                "name": "SummarizationSetBy",
                "value": "Automatic"
              },
              {
                "name": "PBI_FormatHint",
                "value": "{\"isGeneralNumber\":true}"
              }
            ]
          },
          {
            "name": "avg_diasGraciaPrimerPago",
            "dataType": "double",
            "sourceColumn": "avg_diasGraciaPrimerPago",
            "sourceProviderType": "float",
            "sourceLineageTag": "avg_diasGraciaPrimerPago",
            "summarizeBy": "sum",
            "annotations": [
              {
                "name": "SummarizationSetBy",
                "value": "Automatic"
              },
              {
                "name": "PBI_FormatHint",
                "value": "{\"isGeneralNumber\":true}"
              }
            ]
          },
          {
            "name": "avg_montoiva",
            "dataType": "double",
            "sourceColumn": "avg_montoiva",
            "sourceProviderType": "float",
            "sourceLineageTag": "avg_montoiva",
            "summarizeBy": "sum",
            "annotations": [
              {
                "name": "SummarizationSetBy",
                "value": "Automatic"
              },
              {
                "name": "PBI_FormatHint",
                "value": "{\"isGeneralNumber\":true}"
              }
            ]
          }
        ],
        "partitions": [
          {
            "name": "{{Partition_Name}}",
            "mode": "directLake",
            "source": {
              "type": "entity",
              "entityName": "resumenClusters",
              "expressionSource": "DatabaseQuery",
              "schemaName": "dbo"
            }
          }
        ],
        "annotations": [
          {
            "name": "IsTableInBiModel",
            "value": "False"
          }
        ]
      }
    ],
    "relationships": [
      {
        "name": "007e731ce5f0bd72cf0c21cf1916a4a4",
        "fromTable": "dimClientes",
        "fromColumn": "skValorEstrategico",
        "toTable": "dimValorEstrategico",
        "toColumn": "skValorEstrategico"
      },
      {
        "name": "33a2ffb1f21332f33f1da1aff819e88f",
        "fromTable": "dimClientes",
        "fromColumn": "skSegmentoComercial",
        "toTable": "dimSegmentoComercial",
        "toColumn": "skSegmentoComercial"
      },
      {
        "name": "3c5057238659646d4980e5fba23fca4f",
        "fromTable": "factContratos",
        "fromColumn": "skActivo",
        "toTable": "dimActivos",
        "toColumn": "skActivo"
      },
      {
        "name": "66d3887bbb8b248362ecade0e459dcc6",
        "fromTable": "dimCanal",
        "fromColumn": "skCanal",
        "toTable": "dimClientes",
        "toColumn": "skCanal"
      },
      {
        "name": "9beaf8ad803ea609db8eee56746afe15",
        "fromTable": "dimClientes",
        "fromColumn": "skIndustria",
        "toTable": "dimIndustria",
        "toColumn": "skIndustria"
      },
      {
        "name": "ec8beec233ec320a39a805f7309d89b5",
        "fromTable": "dimCategoria",
        "fromColumn": "skCategoria",
        "toTable": "dimActivos",
        "toColumn": "skCategoriaActivo"
      },
      {
        "name": "fe503be46595db9f53d2700a51164298",
        "fromTable": "factContratos",
        "fromColumn": "skCliente",
        "toTable": "dimClientes",
        "toColumn": "skCliente"
      }
    ],
    "expressions": [
      {
        "name": "DatabaseQuery",
        "kind": "m",
        "expression": "let\n    database = {{TDS_Endpoint}}\nin\n    database\n"
      }
    ],
    "annotations": [
      {
        "name": "__PBI_TimeIntelligenceEnabled",
        "value": "0"
      },
      {
        "name": "SourceLineageTagType",
        "value": "DatabaseFullyQualifiedName"
      }
    ]
  }
}